CODE,NAME
"253","ROWE"
"13","ASHFIELD"
"342","WILMINGTON"
"316","WEBSTER"
"107","GLOUCESTER"
"104","AQUINNAH"
"119","HAMILTON"
"19","AYER"
"290","SUTTON"
"151","LEICESTER"
"21","BARRE"
"276","SOUTHAMPTON"
"137","HOLYOKE"
"293","TAUNTON"
"181","METHUEN"
"155","LEXINGTON"
"116","GROVELAND"
"217","NORTHFIELD"
"301","TYNGSBOROUGH"
"93","EVERETT"
"25","BELLINGHAM"
"84","EAST BROOKFIELD"
"179","MENDON"
"152","LENOX"
"169","MARION"
"187","MILLIS"
"312","WARWICK"
"92","ESSEX"
"194","MONTGOMERY"
"334","WESTPORT"
"41","BREWSTER"
"176","MEDFORD"
"60","CHESTERFIELD"
"91","ERVING"
"215","NORTHBOROUGH"
"67","CONCORD"
"277","SOUTHBOROUGH"
"43","BRIMFIELD"
"141","HUDSON"
"95","FALL RIVER"
"195","MOUNT WASHINGTON"
"147","LANCASTER"
"235","PHILLIPSTON"
"42","BRIDGEWATER"
"166","MANCHESTER"
"294","TEMPLETON"
"201","NEW BEDFORD"
"317","WELLESLEY"
"175","MEDFIELD"
"330","WESTFORD"
"162","LUNENBURG"
"49","CAMBRIDGE"
"159","LONGMEADOW"
"121","HANCOCK"
"115","GROTON"
"126","HARWICH"
"83","EAST BRIDGEWATER"
"171","MARSHFIELD"
"64","CLINTON"
"291","SWAMPSCOTT"
"327","WEST TISBURY"
"245","RAYNHAM"
"150","LEE"
"149","LAWRENCE"
"78","DOVER"
"131","HINGHAM"
"254","ROWLEY"
"273","SOMERSET"
"197","NANTUCKET"
"262","SAUGUS"
"50","CANTON"
"266","SHARON"
"285","STOUGHTON"
"68","CONWAY"
"211","NORTH ATTLEBOROUGH"
"88","EASTON"
"190","MONROE"
"29","BERNARDSTON"
"232","PEPPERELL"
"203","NEW MARLBOROUGH"
"76","DIGHTON"
"243","QUINCY"
"31","BILLERICA"
"246","READING"
"145","KINGSTON"
"236","PITTSFIELD"
"48","BURLINGTON"
"170","MARLBOROUGH"
"208","NORFOLK"
"231","PEMBROKE"
"199","NEEDHAM"
"274","SOMERVILLE"
"133","HOLBROOK"
"177","MEDWAY"
"320","WENHAM"
"261","SANDWICH"
"258","SALEM"
"198","NATICK"
"311","WARREN"
"123","HANSON"
"1","ABINGTON"
"87","EASTHAMPTON"
"51","CARLISLE"
"10","ARLINGTON"
"223","ORANGE"
"279","SOUTHWICK"
"33","BLANDFORD"
"351","YARMOUTH"
"333","WESTON"
"214","NORTHAMPTON"
"122","HANOVER"
"134","HOLDEN"
"250","ROCHESTER"
"332","WESTMINSTER"
"58","CHESHIRE"
"3","ACUSHNET"
"18","AVON"
"153","LEOMINSTER"
"59","CHESTER"
"163","LYNN"
"256","RUSSELL"
"337","WHATELY"
"136","HOLLISTON"
"324","WEST NEWBURY"
"340","WILLIAMSBURG"
"183","MIDDLEFIELD"
"89","EDGARTOWN"
"82","DUXBURY"
"336","WEYMOUTH"
"26","BELMONT"
"168","MARBLEHEAD"
"117","HADLEY"
"114","GREENFIELD"
"73","DEDHAM"
"130","HEATH"
"216","NORTHBRIDGE"
"284","STONEHAM"
"196","NAHANT"
"259","SALISBURY"
"158","LITTLETON"
"257","RUTLAND"
"146","LAKEVILLE"
"348","WORCESTER"
"299","TOWNSEND"
"188","MILLVILLE"
"52","CARVER"
"209","NORTH ADAMS"
"238","PLAINVILLE"
"148","LANESBOROUGH"
"305","WAKEFIELD"
"343","WINCHENDON"
"185","MILFORD"
"346","WINTHROP"
"154","LEVERETT"
"283","STOCKBRIDGE"
"100","FRAMINGHAM"
"70","DALTON"
"345","WINDSOR"
"94","FAIRHAVEN"
"218","NORTON"
"178","MELROSE"
"224","ORLEANS"
"8","AMHERST"
"260","SANDISFIELD"
"186","MILLBURY"
"11","ASHBURNHAM"
"302","TYRINGHAM"
"39","BOYLSTON"
"124","HARDWICK"
"97","FITCHBURG"
"289","SUNDERLAND"
"206","NEWBURYPORT"
"144","IPSWICH"
"310","WAREHAM"
"240","PLYMPTON"
"222","OAKHAM"
"318","WELLFLEET"
"286","STOW"
"96","FALMOUTH"
"269","SHERBORN"
"23","BEDFORD"
"56","CHELMSFORD"
"315","WAYLAND"
"326","WEST STOCKBRIDGE"
"219","NORWELL"
"24","BELCHERTOWN"
"292","SWANSEA"
"164","LYNNFIELD"
"132","HINSDALE"
"85","EAST LONGMEADOW"
"167","MANSFIELD"
"138","HOPEDALE"
"275","SOUTH HADLEY"
"75","DENNIS"
"32","BLACKSTONE"
"225","OTIS"
"105","GEORGETOWN"
"264","SCITUATE"
"90","EGREMONT"
"17","AUBURN"
"14","ASHLAND"
"57","CHELSEA"
"135","HOLLAND"
"184","MIDDLETON"
"36","BOURNE"
"349","WORTHINGTON"
"103","GARDNER"
"81","DUNSTABLE"
"221","OAK BLUFFS"
"228","PAXTON"
"309","WARE"
"237","PLAINFIELD"
"111","GRANBY"
"108","GOSHEN"
"338","WHITMAN"
"69","CUMMINGTON"
"112","GRANVILLE"
"233","PERU"
"34","BOLTON"
"230","PELHAM"
"303","UPTON"
"265","SEEKONK"
"255","ROYALSTON"
"65","COHASSET"
"202","NEW BRAINTREE"
"157","LINCOLN"
"182","MIDDLEBOROUGH"
"272","SHUTESBURY"
"344","WINCHESTER"
"247","REHOBOTH"
"2","ACTON"
"44","BROCKTON"
"341","WILLIAMSTOWN"
"30","BEVERLY"
"329","WESTFIELD"
"72","DARTMOUTH"
"139","HOPKINTON"
"323","WEST BROOKFIELD"
"12","ASHBY"
"15","ATHOL"
"120","HAMPDEN"
"244","RANDOLPH"
"205","NEWBURY"
"118","HALIFAX"
"127","HATFIELD"
"296","TISBURY"
"268","SHELBURNE"
"308","WALTHAM"
"80","DUDLEY"
"99","FOXBOROUGH"
"79","DRACUT"
"140","HUBBARDSTON"
"27","BERKLEY"
"9","ANDOVER"
"98","FLORIDA"
"106","GILL"
"63","CLARKSBURG"
"288","SUDBURY"
"263","SAVOY"
"339","WILBRAHAM"
"210","NORTH ANDOVER"
"189","MILTON"
"61","CHICOPEE"
"173","MATTAPOISETT"
"229","PEABODY"
"212","NORTH BROOKFIELD"
"161","LUDLOW"
"4","ADAMS"
"287","STURBRIDGE"
"281","SPRINGFIELD"
"249","RICHMOND"
"71","DANVERS"
"40","BRAINTREE"
"322","WEST BRIDGEWATER"
"300","TRURO"
"125","HARVARD"
"280","SPENCER"
"234","PETERSHAM"
"86","EASTHAM"
"239","PLYMOUTH"
"270","SHIRLEY"
"313","WASHINGTON"
"193","MONTEREY"
"20","BARNSTABLE"
"200","NEW ASHFORD"
"172","MASHPEE"
"252","ROCKPORT"
"101","FRANKLIN"
"226","OXFORD"
"66","COLRAIN"
"271","SHREWSBURY"
"267","SHEFFIELD"
"55","CHATHAM"
"37","BOXBOROUGH"
"45","BROOKFIELD"
"109","GOSNOLD"
"242","PROVINCETOWN"
"22","BECKET"
"113","GREAT BARRINGTON"
"47","BUCKLAND"
"6","ALFORD"
"74","DEERFIELD"
"192","MONTAGUE"
"174","MAYNARD"
"331","WESTHAMPTON"
"102","FREETOWN"
"321","WEST BOYLSTON"
"306","WALES"
"297","TOLLAND"
"251","ROCKLAND"
"7","AMESBURY"
"28","BERLIN"
"347","WOBURN"
"295","TEWKSBURY"
"213","NORTH READING"
"319","WENDELL"
"314","WATERTOWN"
"278","SOUTHBRIDGE"
"54","CHARLTON"
"62","CHILMARK"
"298","TOPSFIELD"
"248","REVERE"
"142","HULL"
"156","LEYDEN"
"128","HAVERHILL"
"180","MERRIMAC"
"38","BOXFORD"
"204","NEW SALEM"
"165","MALDEN"
"350","WRENTHAM"
"16","ATTLEBORO"
"160","LOWELL"
"143","HUNTINGTON"
"282","STERLING"
"241","PRINCETON"
"307","WALPOLE"
"220","NORWOOD"
"335","WESTWOOD"
"207","NEWTON"
"35","BOSTON"
"46","BROOKLINE"
"191","MONSON"
"227","PALMER"
"53","CHARLEMONT"
"129","HAWLEY"
"77","DOUGLAS"
"304","UXBRIDGE"
"328","WESTBOROUGH"
"110","GRAFTON"
"325","WEST SPRINGFIELD"
"5","AGAWAM"
"25001010100","25001010100"
"25001010206","25001010206"
"25001010208","25001010208"
"25001010304","25001010304"
"25001010306","25001010306"
"25001010400","25001010400"
"25001010500","25001010500"
"25001010600","25001010600"
"25001010700","25001010700"
"25001010800","25001010800"
"25001010900","25001010900"
"25001011002","25001011002"
"25001011100","25001011100"
"25001011200","25001011200"
"25001011300","25001011300"
"25001011400","25001011400"
"25001011500","25001011500"
"25001011600","25001011600"
"25001011700","25001011700"
"25001011801","25001011801"
"25001011802","25001011802"
"25001012001","25001012001"
"25001012002","25001012002"
"25001012101","25001012101"
"25001012102","25001012102"
"25001012200","25001012200"
"25001012502","25001012502"
"25001012601","25001012601"
"25001012602","25001012602"
"25001012700","25001012700"
"25001012800","25001012800"
"25001012900","25001012900"
"25001013002","25001013002"
"25001013100","25001013100"
"25001013200","25001013200"
"25001013300","25001013300"
"25001013400","25001013400"
"25001013500","25001013500"
"25001013600","25001013600"
"25001013700","25001013700"
"25001013800","25001013800"
"25001013900","25001013900"
"25001014002","25001014002"
"25001014100","25001014100"
"25001014300","25001014300"
"25001014402","25001014402"
"25001014500","25001014500"
"25001014600","25001014600"
"25001014700","25001014700"
"25001014800","25001014800"
"25001014900","25001014900"
"25001015001","25001015001"
"25001015002","25001015002"
"25001015100","25001015100"
"25001015200","25001015200"
"25001015300","25001015300"
"25003900100","25003900100"
"25003900200","25003900200"
"25003900300","25003900300"
"25003900400","25003900400"
"25003900500","25003900500"
"25003900600","25003900600"
"25003900700","25003900700"
"25003900800","25003900800"
"25003900900","25003900900"
"25003901100","25003901100"
"25003911100","25003911100"
"25003912100","25003912100"
"25003913100","25003913100"
"25003914100","25003914100"
"25003920101","25003920101"
"25003920102","25003920102"
"25003921300","25003921300"
"25003921400","25003921400"
"25003921500","25003921500"
"25003922100","25003922100"
"25003922200","25003922200"
"25003922300","25003922300"
"25003923100","25003923100"
"25003924100","25003924100"
"25003925100","25003925100"
"25003926100","25003926100"
"25003931100","25003931100"
"25003931300","25003931300"
"25003931400","25003931400"
"25003932200","25003932200"
"25003932300","25003932300"
"25003933200","25003933200"
"25003933300","25003933300"
"25003933400","25003933400"
"25003934200","25003934200"
"25003934300","25003934300"
"25003935100","25003935100"
"25003935200","25003935200"
"25003935300","25003935300"
"25005600100","25005600100"
"25005600202","25005600202"
"25005600203","25005600203"
"25005600204","25005600204"
"25005610100","25005610100"
"25005610202","25005610202"
"25005610203","25005610203"
"25005610204","25005610204"
"25005611101","25005611101"
"25005611102","25005611102"
"25005611201","25005611201"
"25005611202","25005611202"
"25005612100","25005612100"
"25005612200","25005612200"
"25005613100","25005613100"
"25005613300","25005613300"
"25005613400","25005613400"
"25005613600","25005613600"
"25005613700","25005613700"
"25005613800","25005613800"
"25005613901","25005613901"
"25005613902","25005613902"
"25005614000","25005614000"
"25005614101","25005614101"
"25005614102","25005614102"
"25005615100","25005615100"
"25005616100","25005616100"
"25005617101","25005617101"
"25005617102","25005617102"
"25005630101","25005630101"
"25005630102","25005630102"
"25005630200","25005630200"
"25005630300","25005630300"
"25005630400","25005630400"
"25005631100","25005631100"
"25005631200","25005631200"
"25005631300","25005631300"
"25005631400","25005631400"
"25005631500","25005631500"
"25005631600","25005631600"
"25005631700","25005631700"
"25005631800","25005631800"
"25005632100","25005632100"
"25005632200","25005632200"
"25005633100","25005633100"
"25005633200","25005633200"
"25005640100","25005640100"
"25005640200","25005640200"
"25005640300","25005640300"
"25005640400","25005640400"
"25005640500","25005640500"
"25005640600","25005640600"
"25005640700","25005640700"
"25005640800","25005640800"
"25005640901","25005640901"
"25005641000","25005641000"
"25005641101","25005641101"
"25005641200","25005641200"
"25005641300","25005641300"
"25005641400","25005641400"
"25005641500","25005641500"
"25005641600","25005641600"
"25005641700","25005641700"
"25005641800","25005641800"
"25005641900","25005641900"
"25005642000","25005642000"
"25005642100","25005642100"
"25005642200","25005642200"
"25005642300","25005642300"
"25005642400","25005642400"
"25005642500","25005642500"
"25005644101","25005644101"
"25005644102","25005644102"
"25005644200","25005644200"
"25005645101","25005645101"
"25005645102","25005645102"
"25005645103","25005645103"
"25005646101","25005646101"
"25005646103","25005646103"
"25005646104","25005646104"
"25005650101","25005650101"
"25005650102","25005650102"
"25005650201","25005650201"
"25005650202","25005650202"
"25005650300","25005650300"
"25005650400","25005650400"
"25005650500","25005650500"
"25005650600","25005650600"
"25005650700","25005650700"
"25005650800","25005650800"
"25005650900","25005650900"
"25005651001","25005651001"
"25005651002","25005651002"
"25005651100","25005651100"
"25005651200","25005651200"
"25005651300","25005651300"
"25005651400","25005651400"
"25005651500","25005651500"
"25005651600","25005651600"
"25005651700","25005651700"
"25005651800","25005651800"
"25005651900","25005651900"
"25005652000","25005652000"
"25005652100","25005652100"
"25005652200","25005652200"
"25005652300","25005652300"
"25005652400","25005652400"
"25005652500","25005652500"
"25005652600","25005652600"
"25005652700","25005652700"
"25005652800","25005652800"
"25005653101","25005653101"
"25005653102","25005653102"
"25005653203","25005653203"
"25005653204","25005653204"
"25005653301","25005653301"
"25005653304","25005653304"
"25005654100","25005654100"
"25005654200","25005654200"
"25005655100","25005655100"
"25005655200","25005655200"
"25005655300","25005655300"
"25005655400","25005655400"
"25005985500","25005985500"
"25005985600","25005985600"
"25007200100","25007200100"
"25007200200","25007200200"
"25007200300","25007200300"
"25007200400","25007200400"
"25009201100","25009201100"
"25009202101","25009202101"
"25009202102","25009202102"
"25009202200","25009202200"
"25009203100","25009203100"
"25009203200","25009203200"
"25009203301","25009203301"
"25009203302","25009203302"
"25009204101","25009204101"
"25009204102","25009204102"
"25009204200","25009204200"
"25009204300","25009204300"
"25009204400","25009204400"
"25009204500","25009204500"
"25009204600","25009204600"
"25009204701","25009204701"
"25009204702","25009204702"
"25009205100","25009205100"
"25009205200","25009205200"
"25009205300","25009205300"
"25009205400","25009205400"
"25009205500","25009205500"
"25009205600","25009205600"
"25009205700","25009205700"
"25009205800","25009205800"
"25009205900","25009205900"
"25009206000","25009206000"
"25009206100","25009206100"
"25009206200","25009206200"
"25009206300","25009206300"
"25009206400","25009206400"
"25009206500","25009206500"
"25009206600","25009206600"
"25009206700","25009206700"
"25009206800","25009206800"
"25009206900","25009206900"
"25009207000","25009207000"
"25009207100","25009207100"
"25009207200","25009207200"
"25009208101","25009208101"
"25009208102","25009208102"
"25009208200","25009208200"
"25009208300","25009208300"
"25009208400","25009208400"
"25009209100","25009209100"
"25009209200","25009209200"
"25009210100","25009210100"
"25009210200","25009210200"
"25009210300","25009210300"
"25009210400","25009210400"
"25009210500","25009210500"
"25009210600","25009210600"
"25009210700","25009210700"
"25009210800","25009210800"
"25009210900","25009210900"
"25009211100","25009211100"
"25009211200","25009211200"
"25009211300","25009211300"
"25009211401","25009211401"
"25009211402","25009211402"
"25009212100","25009212100"
"25009213100","25009213100"
"25009214100","25009214100"
"25009215101","25009215101"
"25009215102","25009215102"
"25009216100","25009216100"
"25009217100","25009217100"
"25009217201","25009217201"
"25009217202","25009217202"
"25009217300","25009217300"
"25009217400","25009217400"
"25009217500","25009217500"
"25009217600","25009217600"
"25009218100","25009218100"
"25009220101","25009220101"
"25009220102","25009220102"
"25009221100","25009221100"
"25009221300","25009221300"
"25009221400","25009221400"
"25009221500","25009221500"
"25009221600","25009221600"
"25009221700","25009221700"
"25009221800","25009221800"
"25009221901","25009221901"
"25009221902","25009221902"
"25009222100","25009222100"
"25009223100","25009223100"
"25009223200","25009223200"
"25009223300","25009223300"
"25009250100","25009250100"
"25009250200","25009250200"
"25009250300","25009250300"
"25009250400","25009250400"
"25009250500","25009250500"
"25009250600","25009250600"
"25009250700","25009250700"
"25009250800","25009250800"
"25009250900","25009250900"
"25009251000","25009251000"
"25009251100","25009251100"
"25009251200","25009251200"
"25009251300","25009251300"
"25009251400","25009251400"
"25009251500","25009251500"
"25009251600","25009251600"
"25009251700","25009251700"
"25009251800","25009251800"
"25009252101","25009252101"
"25009252102","25009252102"
"25009252201","25009252201"
"25009252202","25009252202"
"25009252300","25009252300"
"25009252400","25009252400"
"25009252501","25009252501"
"25009252502","25009252502"
"25009252601","25009252601"
"25009252602","25009252602"
"25009252603","25009252603"
"25009253100","25009253100"
"25009253201","25009253201"
"25009253202","25009253202"
"25009253203","25009253203"
"25009253204","25009253204"
"25009253205","25009253205"
"25009254100","25009254100"
"25009254200","25009254200"
"25009254301","25009254301"
"25009254302","25009254302"
"25009254401","25009254401"
"25009254402","25009254402"
"25009254403","25009254403"
"25009260100","25009260100"
"25009260200","25009260200"
"25009260301","25009260301"
"25009260302","25009260302"
"25009260401","25009260401"
"25009260402","25009260402"
"25009260500","25009260500"
"25009260600","25009260600"
"25009260700","25009260700"
"25009260800","25009260800"
"25009260900","25009260900"
"25009261000","25009261000"
"25009261101","25009261101"
"25009261102","25009261102"
"25009262100","25009262100"
"25009263100","25009263100"
"25009264100","25009264100"
"25009265101","25009265101"
"25009265102","25009265102"
"25009266100","25009266100"
"25009266200","25009266200"
"25009266300","25009266300"
"25009266400","25009266400"
"25009267101","25009267101"
"25009267102","25009267102"
"25009268100","25009268100"
"25009268200","25009268200"
"25009268300","25009268300"
"25009268400","25009268400"
"25009269100","25009269100"
"25009270100","25009270100"
"25011040100","25011040100"
"25011040200","25011040200"
"25011040300","25011040300"
"25011040400","25011040400"
"25011040501","25011040501"
"25017365201","25017365201"
"25017365202","25017365202"
"25017366100","25017366100"
"25017366201","25017366201"
"25017366202","25017366202"
"25017367100","25017367100"
"25017367200","25017367200"
"25017368101","25017368101"
"25017368102","25017368102"
"25017368200","25017368200"
"25017368300","25017368300"
"25017368400","25017368400"
"25017368500","25017368500"
"25017368600","25017368600"
"25017368700","25017368700"
"25017368800","25017368800"
"25017368901","25017368901"
"25017368902","25017368902"
"25017369000","25017369000"
"25017369100","25017369100"
"25025100601","25025100601"
"25025100603","25025100603"
"25025100700","25025100700"
"25025100800","25025100800"
"25025100900","25025100900"
"25025101001","25025101001"
"25025101002","25025101002"
"25025101101","25025101101"
"25025101102","25025101102"
"25025110103","25025110103"
"25025110201","25025110201"
"25025110301","25025110301"
"25025110401","25025110401"
"25025110403","25025110403"
"25025110501","25025110501"
"25025110502","25025110502"
"25025110601","25025110601"
"25025110607","25025110607"
"25025120103","25025120103"
"25025120104","25025120104"
"25011040502","25011040502"
"25011040600","25011040600"
"25011040701","25011040701"
"25011040702","25011040702"
"25011040800","25011040800"
"25011040900","25011040900"
"25011041000","25011041000"
"25011041100","25011041100"
"25011041200","25011041200"
"25011041300","25011041300"
"25011041400","25011041400"
"25011041501","25011041501"
"25011041502","25011041502"
"25013800101","25013800101"
"25013800102","25013800102"
"25013800201","25013800201"
"25013800202","25013800202"
"25013800300","25013800300"
"25013800400","25013800400"
"25013800500","25013800500"
"25013800600","25013800600"
"25013800700","25013800700"
"25013800800","25013800800"
"25013800900","25013800900"
"25013801101","25013801101"
"25013801102","25013801102"
"25013801200","25013801200"
"25013801300","25013801300"
"25013801401","25013801401"
"25013801402","25013801402"
"25013801501","25013801501"
"25013801502","25013801502"
"25013801503","25013801503"
"25013801601","25013801601"
"25013801602","25013801602"
"25013801603","25013801603"
"25013801604","25013801604"
"25013801605","25013801605"
"25013801700","25013801700"
"25013801800","25013801800"
"25013801901","25013801901"
"25013801902","25013801902"
"25013802000","25013802000"
"25013802100","25013802100"
"25013802200","25013802200"
"25013802300","25013802300"
"25013802400","25013802400"
"25013802500","25013802500"
"25013802601","25013802601"
"25013802602","25013802602"
"25013810100","25013810100"
"25013810200","25013810200"
"25013810300","25013810300"
"25013810403","25013810403"
"25013810404","25013810404"
"25013810412","25013810412"
"25013810414","25013810414"
"25013810601","25013810601"
"25013810602","25013810602"
"25013810700","25013810700"
"25013810800","25013810800"
"25013810901","25013810901"
"25013810902","25013810902"
"25013811000","25013811000"
"25013811101","25013811101"
"25013811102","25013811102"
"25013811200","25013811200"
"25013811301","25013811301"
"25013811302","25013811302"
"25013811400","25013811400"
"25013811500","25013811500"
"25013811600","25013811600"
"25013811700","25013811700"
"25013811800","25013811800"
"25013811900","25013811900"
"25013812001","25013812001"
"25013812002","25013812002"
"25013812101","25013812101"
"25013812103","25013812103"
"25013812104","25013812104"
"25013812201","25013812201"
"25013812202","25013812202"
"25013812300","25013812300"
"25013812401","25013812401"
"25013812403","25013812403"
"25013812404","25013812404"
"25013812500","25013812500"
"25013812600","25013812600"
"25013812701","25013812701"
"25013812702","25013812702"
"25013812800","25013812800"
"25013812901","25013812901"
"25013812902","25013812902"
"25013812903","25013812903"
"25013813000","25013813000"
"25013813101","25013813101"
"25013813102","25013813102"
"25013813204","25013813204"
"25013813205","25013813205"
"25013813206","25013813206"
"25013813207","25013813207"
"25013813208","25013813208"
"25013813209","25013813209"
"25013813301","25013813301"
"25013813303","25013813303"
"25013813304","25013813304"
"25013813401","25013813401"
"25013813403","25013813403"
"25013813404","25013813404"
"25013813500","25013813500"
"25013813601","25013813601"
"25013813602","25013813602"
"25013813701","25013813701"
"25013813702","25013813702"
"25013813801","25013813801"
"25013813802","25013813802"
"25015820101","25015820101"
"25015820102","25015820102"
"25015820202","25015820202"
"25015820203","25015820203"
"25015820204","25015820204"
"25015820300","25015820300"
"25015820400","25015820400"
"25015820500","25015820500"
"25015820600","25015820600"
"25015820700","25015820700"
"25015820801","25015820801"
"25015820802","25015820802"
"25015820900","25015820900"
"25015821000","25015821000"
"25015821100","25015821100"
"25015821200","25015821200"
"25015821300","25015821300"
"25015821400","25015821400"
"25015821500","25015821500"
"25015821601","25015821601"
"25015821602","25015821602"
"25015821700","25015821700"
"25015821901","25015821901"
"25015821903","25015821903"
"25015821904","25015821904"
"25015822000","25015822000"
"25015822200","25015822200"
"25015822300","25015822300"
"25015822401","25015822401"
"25015822402","25015822402"
"25015822500","25015822500"
"25015822601","25015822601"
"25015822603","25015822603"
"25015822605","25015822605"
"25015822606","25015822606"
"25015822700","25015822700"
"25017300100","25017300100"
"25017301101","25017301101"
"25017301102","25017301102"
"25017310100","25017310100"
"25017310200","25017310200"
"25017310300","25017310300"
"25017310400","25017310400"
"25017310500","25017310500"
"25017310601","25017310601"
"25017310602","25017310602"
"25017310700","25017310700"
"25017311100","25017311100"
"25017311200","25017311200"
"25017311300","25017311300"
"25017311400","25017311400"
"25017311500","25017311500"
"25017311600","25017311600"
"25017311700","25017311700"
"25017311800","25017311800"
"25017311900","25017311900"
"25017312000","25017312000"
"25017312100","25017312100"
"25017312200","25017312200"
"25017312300","25017312300"
"25017312400","25017312400"
"25017312501","25017312501"
"25017312502","25017312502"
"25017313101","25017313101"
"25017313102","25017313102"
"25017314101","25017314101"
"25017314102","25017314102"
"25017314200","25017314200"
"25017314301","25017314301"
"25017314302","25017314302"
"25017315100","25017315100"
"25017315200","25017315200"
"25017315401","25017315401"
"25017315402","25017315402"
"25017315403","25017315403"
"25017315500","25017315500"
"25017316101","25017316101"
"25017316102","25017316102"
"25017316201","25017316201"
"25017316202","25017316202"
"25017316300","25017316300"
"25017316400","25017316400"
"25017316500","25017316500"
"25017317101","25017317101"
"25017317102","25017317102"
"25017317103","25017317103"
"25017317201","25017317201"
"25017317202","25017317202"
"25017317203","25017317203"
"25017317301","25017317301"
"25017317302","25017317302"
"25017318100","25017318100"
"25017318200","25017318200"
"25017318300","25017318300"
"25017318400","25017318400"
"25017320102","25017320102"
"25017320103","25017320103"
"25017320104","25017320104"
"25017321100","25017321100"
"25017321200","25017321200"
"25017321300","25017321300"
"25017321400","25017321400"
"25017321500","25017321500"
"25017321600","25017321600"
"25017322100","25017322100"
"25017322200","25017322200"
"25017322300","25017322300"
"25017322400","25017322400"
"25017323100","25017323100"
"25017324101","25017324101"
"25017324102","25017324102"
"25017325100","25017325100"
"25017326101","25017326101"
"25017326102","25017326102"
"25017327101","25017327101"
"25017327102","25017327102"
"25017327103","25017327103"
"25017328100","25017328100"
"25017330100","25017330100"
"25017330200","25017330200"
"25017331101","25017331101"
"25017331102","25017331102"
"25017331200","25017331200"
"25017331300","25017331300"
"25017332100","25017332100"
"25017332200","25017332200"
"25017332300","25017332300"
"25017332400","25017332400"
"25017333100","25017333100"
"25017333200","25017333200"
"25017333300","25017333300"
"25017333400","25017333400"
"25017333501","25017333501"
"25017333502","25017333502"
"25017333600","25017333600"
"25017334100","25017334100"
"25017334200","25017334200"
"25017334300","25017334300"
"25017334400","25017334400"
"25017335100","25017335100"
"25017335200","25017335200"
"25017335301","25017335301"
"25017335302","25017335302"
"25017335400","25017335400"
"25017336100","25017336100"
"25017336200","25017336200"
"25017336300","25017336300"
"25017336401","25017336401"
"25017336402","25017336402"
"25017337101","25017337101"
"25017337102","25017337102"
"25017337201","25017337201"
"25017337202","25017337202"
"25017337300","25017337300"
"25017338100","25017338100"
"25017338200","25017338200"
"25017338300","25017338300"
"25017338400","25017338400"
"25017338500","25017338500"
"25017339100","25017339100"
"25017339200","25017339200"
"25017339300","25017339300"
"25017339400","25017339400"
"25017339500","25017339500"
"25017339600","25017339600"
"25017339700","25017339700"
"25017339801","25017339801"
"25017339802","25017339802"
"25017339900","25017339900"
"25017340000","25017340000"
"25017340100","25017340100"
"25017341101","25017341101"
"25017341102","25017341102"
"25017341200","25017341200"
"25017341300","25017341300"
"25017341400","25017341400"
"25017341500","25017341500"
"25017341600","25017341600"
"25017341700","25017341700"
"25017341800","25017341800"
"25017341901","25017341901"
"25017341902","25017341902"
"25017342101","25017342101"
"25017342102","25017342102"
"25017342201","25017342201"
"25017342202","25017342202"
"25017342300","25017342300"
"25017342400","25017342400"
"25017342500","25017342500"
"25017342600","25017342600"
"25017350103","25017350103"
"25017350104","25017350104"
"25017350200","25017350200"
"25017350300","25017350300"
"25017350400","25017350400"
"25017350500","25017350500"
"25017350600","25017350600"
"25017350700","25017350700"
"25017350800","25017350800"
"25017350900","25017350900"
"25017351000","25017351000"
"25017351100","25017351100"
"25017351203","25017351203"
"25017351204","25017351204"
"25017351300","25017351300"
"25017351403","25017351403"
"25017351404","25017351404"
"25017351500","25017351500"
"25017352101","25017352101"
"25017352102","25017352102"
"25017352200","25017352200"
"25017352300","25017352300"
"25017352400","25017352400"
"25017352500","25017352500"
"25017352600","25017352600"
"25017352700","25017352700"
"25017352800","25017352800"
"25017352900","25017352900"
"25017353000","25017353000"
"25017353101","25017353101"
"25017353102","25017353102"
"25017353200","25017353200"
"25017353300","25017353300"
"25017353400","25017353400"
"25017353500","25017353500"
"25017353600","25017353600"
"25017353700","25017353700"
"25017353800","25017353800"
"25017353900","25017353900"
"25017354000","25017354000"
"25017354100","25017354100"
"25017354200","25017354200"
"25017354300","25017354300"
"25017354400","25017354400"
"25017354500","25017354500"
"25017354600","25017354600"
"25017354700","25017354700"
"25017354800","25017354800"
"25017354900","25017354900"
"25017355000","25017355000"
"25017356100","25017356100"
"25017356300","25017356300"
"25017356400","25017356400"
"25017356500","25017356500"
"25017356601","25017356601"
"25017356602","25017356602"
"25017356701","25017356701"
"25017356702","25017356702"
"25017357100","25017357100"
"25017357200","25017357200"
"25017357300","25017357300"
"25017357400","25017357400"
"25017357500","25017357500"
"25017357600","25017357600"
"25017357700","25017357700"
"25017357800","25017357800"
"25017358100","25017358100"
"25017358300","25017358300"
"25017358400","25017358400"
"25017358500","25017358500"
"25017358600","25017358600"
"25017358700","25017358700"
"25017359100","25017359100"
"25017359300","25017359300"
"25017360100","25017360100"
"25017360200","25017360200"
"25017361100","25017361100"
"25017361200","25017361200"
"25017361300","25017361300"
"25017362100","25017362100"
"25017363102","25017363102"
"25017363103","25017363103"
"25017363104","25017363104"
"25017363201","25017363201"
"25017363202","25017363202"
"25017364101","25017364101"
"25017364102","25017364102"
"25017365100","25017365100"
"25017370101","25017370101"
"25017370102","25017370102"
"25017370201","25017370201"
"25017370202","25017370202"
"25017370300","25017370300"
"25017370400","25017370400"
"25017373100","25017373100"
"25017373200","25017373200"
"25017373300","25017373300"
"25017373400","25017373400"
"25017373500","25017373500"
"25017373600","25017373600"
"25017373700","25017373700"
"25017373800","25017373800"
"25017373900","25017373900"
"25017374000","25017374000"
"25017374100","25017374100"
"25017374200","25017374200"
"25017374300","25017374300"
"25017374400","25017374400"
"25017374500","25017374500"
"25017374600","25017374600"
"25017374700","25017374700"
"25017374800","25017374800"
"25017382100","25017382100"
"25017382200","25017382200"
"25017382300","25017382300"
"25017382400","25017382400"
"25017382500","25017382500"
"25017382601","25017382601"
"25017382602","25017382602"
"25017383101","25017383101"
"25017383102","25017383102"
"25017383200","25017383200"
"25017383300","25017383300"
"25017383400","25017383400"
"25017383501","25017383501"
"25017383502","25017383502"
"25017383600","25017383600"
"25017383700","25017383700"
"25017383800","25017383800"
"25017383901","25017383901"
"25017383902","25017383902"
"25017384001","25017384001"
"25017384002","25017384002"
"25017385100","25017385100"
"25017385201","25017385201"
"25017385202","25017385202"
"25017386100","25017386100"
"25017387100","25017387100"
"25017387201","25017387201"
"25017387202","25017387202"
"25017388100","25017388100"
"25017388200","25017388200"
"25017388300","25017388300"
"25017980000","25017980000"
"25019950100","25019950100"
"25019950200","25019950200"
"25019950307","25019950307"
"25019950400","25019950400"
"25019950500","25019950500"
"25021400100","25021400100"
"25021400200","25021400200"
"25021400300","25021400300"
"25021400400","25021400400"
"25021400500","25021400500"
"25021400600","25021400600"
"25021400700","25021400700"
"25021400800","25021400800"
"25021400900","25021400900"
"25021401000","25021401000"
"25021401100","25021401100"
"25021401200","25021401200"
"25021402101","25021402101"
"25021402102","25021402102"
"25021402200","25021402200"
"25021402300","25021402300"
"25021402400","25021402400"
"25021402500","25021402500"
"25021403100","25021403100"
"25021403300","25021403300"
"25021403400","25021403400"
"25021403500","25021403500"
"25021404100","25021404100"
"25021404201","25021404201"
"25021404202","25021404202"
"25021404301","25021404301"
"25021404302","25021404302"
"25021404400","25021404400"
"25021405100","25021405100"
"25021406101","25021406101"
"25021406102","25021406102"
"25021407100","25021407100"
"25021408101","25021408101"
"25021408102","25021408102"
"25021409101","25021409101"
"25021409102","25021409102"
"25021410100","25021410100"
"25021410300","25021410300"
"25021410400","25021410400"
"25021411100","25021411100"
"25021411200","25021411200"
"25021411301","25021411301"
"25021411302","25021411302"
"25021412100","25021412100"
"25021412200","25021412200"
"25021412300","25021412300"
"25021413100","25021413100"
"25021413200","25021413200"
"25021413300","25021413300"
"25021413401","25021413401"
"25021413402","25021413402"
"25021413500","25021413500"
"25021414100","25021414100"
"25021414200","25021414200"
"25021414300","25021414300"
"25021415101","25021415101"
"25021415102","25021415102"
"25021415200","25021415200"
"25021415300","25021415300"
"25021416101","25021416101"
"25021416102","25021416102"
"25021416200","25021416200"
"25021416300","25021416300"
"25021416400","25021416400"
"25021417100","25021417100"
"25021417200","25021417200"
"25021417300","25021417300"
"25021417400","25021417400"
"25021417501","25021417501"
"25021417502","25021417502"
"25021417601","25021417601"
"25021417602","25021417602"
"25021417701","25021417701"
"25021417702","25021417702"
"25021417801","25021417801"
"25021417802","25021417802"
"25021417901","25021417901"
"25021417902","25021417902"
"25021418002","25021418002"
"25021418003","25021418003"
"25021418004","25021418004"
"25021418101","25021418101"
"25021418102","25021418102"
"25021418200","25021418200"
"25021419100","25021419100"
"25021419200","25021419200"
"25021419300","25021419300"
"25021419400","25021419400"
"25021419500","25021419500"
"25021419600","25021419600"
"25021419700","25021419700"
"25021419800","25021419800"
"25021420100","25021420100"
"25021420201","25021420201"
"25021420202","25021420202"
"25021420301","25021420301"
"25021420302","25021420302"
"25021421100","25021421100"
"25021421200","25021421200"
"25021422100","25021422100"
"25021422200","25021422200"
"25021422301","25021422301"
"25021422302","25021422302"
"25021422400","25021422400"
"25021422501","25021422501"
"25021422502","25021422502"
"25021422600","25021422600"
"25021422700","25021422700"
"25021422800","25021422800"
"25021423100","25021423100"
"25021440100","25021440100"
"25021441202","25021441202"
"25021441203","25021441203"
"25021441204","25021441204"
"25021442101","25021442101"
"25021442102","25021442102"
"25021442103","25021442103"
"25021442201","25021442201"
"25021442202","25021442202"
"25021443101","25021443101"
"25021443102","25021443102"
"25021456101","25021456101"
"25021456102","25021456102"
"25021456200","25021456200"
"25021456301","25021456301"
"25021456302","25021456302"
"25021456401","25021456401"
"25021456402","25021456402"
"25021457100","25021457100"
"25021457200","25021457200"
"25023500101","25023500101"
"25023500103","25023500103"
"25023500104","25023500104"
"25023501101","25023501101"
"25023501102","25023501102"
"25023501201","25023501201"
"25023501202","25023501202"
"25023502101","25023502101"
"25023502102","25023502102"
"25023502200","25023502200"
"25023503101","25023503101"
"25023503102","25023503102"
"25023504101","25023504101"
"25023504102","25023504102"
"25023505101","25023505101"
"25023505102","25023505102"
"25023505200","25023505200"
"25023506101","25023506101"
"25023506102","25023506102"
"25023506202","25023506202"
"25023506203","25023506203"
"25023506204","25023506204"
"25023507101","25023507101"
"25023507103","25023507103"
"25023507104","25023507104"
"25023508101","25023508101"
"25023508102","25023508102"
"25023508200","25023508200"
"25023509101","25023509101"
"25023509102","25023509102"
"25023510100","25023510100"
"25023510200","25023510200"
"25023510300","25023510300"
"25023510400","25023510400"
"25023510501","25023510501"
"25023510502","25023510502"
"25023510503","25023510503"
"25023510600","25023510600"
"25023510700","25023510700"
"25023510800","25023510800"
"25023510900","25023510900"
"25023511000","25023511000"
"25023511100","25023511100"
"25023511200","25023511200"
"25023511301","25023511301"
"25023511302","25023511302"
"25023511400","25023511400"
"25023511500","25023511500"
"25023511600","25023511600"
"25023511701","25023511701"
"25023511702","25023511702"
"25023520100","25023520100"
"25023520201","25023520201"
"25023520202","25023520202"
"25023521101","25023521101"
"25023521102","25023521102"
"25023521201","25023521201"
"25023521202","25023521202"
"25023522101","25023522101"
"25023522102","25023522102"
"25023523100","25023523100"
"25023523201","25023523201"
"25023523202","25023523202"
"25023524101","25023524101"
"25023524102","25023524102"
"25023525101","25023525101"
"25023525104","25023525104"
"25023525203","25023525203"
"25023525204","25023525204"
"25023525300","25023525300"
"25023526100","25023526100"
"25023530100","25023530100"
"25023530200","25023530200"
"25023530300","25023530300"
"25023530400","25023530400"
"25023530500","25023530500"
"25023530600","25023530600"
"25023530700","25023530700"
"25023530801","25023530801"
"25023530802","25023530802"
"25023530901","25023530901"
"25023530902","25023530902"
"25023540101","25023540101"
"25023540102","25023540102"
"25023540103","25023540103"
"25023541100","25023541100"
"25023542101","25023542101"
"25023542102","25023542102"
"25023542200","25023542200"
"25023542300","25023542300"
"25023543100","25023543100"
"25023544100","25023544100"
"25023544200","25023544200"
"25023545100","25023545100"
"25023545200","25023545200"
"25023545300","25023545300"
"25023545400","25023545400"
"25023560100","25023560100"
"25023561100","25023561100"
"25023561200","25023561200"
"25025000100","25025000100"
"25025000201","25025000201"
"25025000202","25025000202"
"25025000301","25025000301"
"25025000302","25025000302"
"25025000401","25025000401"
"25025000402","25025000402"
"25025000502","25025000502"
"25025000503","25025000503"
"25025000504","25025000504"
"25025000601","25025000601"
"25025000602","25025000602"
"25025000701","25025000701"
"25025000703","25025000703"
"25025000704","25025000704"
"25025000802","25025000802"
"25025000803","25025000803"
"25025010103","25025010103"
"25025010104","25025010104"
"25025010203","25025010203"
"25025010204","25025010204"
"25025010300","25025010300"
"25025010403","25025010403"
"25025010404","25025010404"
"25025010405","25025010405"
"25025010408","25025010408"
"25025010500","25025010500"
"25025010600","25025010600"
"25025010701","25025010701"
"25025010702","25025010702"
"25025010801","25025010801"
"25025010802","25025010802"
"25025020101","25025020101"
"25025020200","25025020200"
"25025020301","25025020301"
"25025020302","25025020302"
"25025020303","25025020303"
"25025030100","25025030100"
"25025030200","25025030200"
"25025030300","25025030300"
"25025030400","25025030400"
"25025030500","25025030500"
"25025040100","25025040100"
"25025040200","25025040200"
"25025040300","25025040300"
"25025040401","25025040401"
"25025040600","25025040600"
"25025040801","25025040801"
"25025050101","25025050101"
"25025050200","25025050200"
"25025050300","25025050300"
"25025050400","25025050400"
"25025050500","25025050500"
"25025050600","25025050600"
"25025050700","25025050700"
"25025050901","25025050901"
"25025051000","25025051000"
"25025051101","25025051101"
"25025051200","25025051200"
"25025060101","25025060101"
"25025060200","25025060200"
"25025060301","25025060301"
"25025060400","25025060400"
"25025060501","25025060501"
"25025060600","25025060600"
"25025060700","25025060700"
"25025060800","25025060800"
"25025061000","25025061000"
"25025061101","25025061101"
"25025061200","25025061200"
"25025070101","25025070101"
"25025070200","25025070200"
"25025070300","25025070300"
"25025070402","25025070402"
"25025070500","25025070500"
"25025070600","25025070600"
"25025070700","25025070700"
"25025070800","25025070800"
"25025070900","25025070900"
"25025071101","25025071101"
"25025071201","25025071201"
"25025080100","25025080100"
"25025080300","25025080300"
"25025080401","25025080401"
"25025080500","25025080500"
"25025080601","25025080601"
"25025080801","25025080801"
"25025080900","25025080900"
"25025081001","25025081001"
"25025081100","25025081100"
"25025081200","25025081200"
"25025081300","25025081300"
"25025081400","25025081400"
"25025081500","25025081500"
"25025081700","25025081700"
"25025081800","25025081800"
"25025081900","25025081900"
"25025082000","25025082000"
"25025082100","25025082100"
"25025090100","25025090100"
"25025090200","25025090200"
"25025090300","25025090300"
"25025090400","25025090400"
"25025090600","25025090600"
"25025090700","25025090700"
"25025090901","25025090901"
"25025091001","25025091001"
"25025091100","25025091100"
"25025091200","25025091200"
"25025091300","25025091300"
"25025091400","25025091400"
"25025091500","25025091500"
"25025091600","25025091600"
"25025091700","25025091700"
"25025091800","25025091800"
"25025091900","25025091900"
"25025092000","25025092000"
"25025092101","25025092101"
"25025092200","25025092200"
"25025092300","25025092300"
"25025092400","25025092400"
"25025100100","25025100100"
"25025100200","25025100200"
"25025100300","25025100300"
"25025100400","25025100400"
"25025100500","25025100500"
"25025120105","25025120105"
"25025120201","25025120201"
"25025120301","25025120301"
"25025120400","25025120400"
"25025120500","25025120500"
"25025120600","25025120600"
"25025120700","25025120700"
"25025130100","25025130100"
"25025130200","25025130200"
"25025130300","25025130300"
"25025130402","25025130402"
"25025130404","25025130404"
"25025130406","25025130406"
"25025140102","25025140102"
"25025140105","25025140105"
"25025140106","25025140106"
"25025140107","25025140107"
"25025140201","25025140201"
"25025140202","25025140202"
"25025140300","25025140300"
"25025140400","25025140400"
"25025160101","25025160101"
"25025160200","25025160200"
"25025160300","25025160300"
"25025160400","25025160400"
"25025160501","25025160501"
"25025160502","25025160502"
"25025160601","25025160601"
"25025160602","25025160602"
"25025170100","25025170100"
"25025170200","25025170200"
"25025170300","25025170300"
"25025170400","25025170400"
"25025170501","25025170501"
"25025170502","25025170502"
"25025170601","25025170601"
"25025170701","25025170701"
"25025170702","25025170702"
"25025170800","25025170800"
"25025180101","25025180101"
"25025180200","25025180200"
"25025180301","25025180301"
"25025180400","25025180400"
"25025180500","25025180500"
"25025980101","25025980101"
"25025980300","25025980300"
"25025980700","25025980700"
"25025981000","25025981000"
"25025981100","25025981100"
"25025981201","25025981201"
"25025981202","25025981202"
"25025981300","25025981300"
"25025981501","25025981501"
"25025981502","25025981502"
"25025981600","25025981600"
"25025981700","25025981700"
"25025981800","25025981800"
"25025990101","25025990101"
"25027700100","25027700100"
"25027701100","25027701100"
"25027702200","25027702200"
"25027703100","25027703100"
"25027703200","25027703200"
"25027703300","25027703300"
"25027704200","25027704200"
"25027705100","25027705100"
"25027706100","25027706100"
"25027707100","25027707100"
"25027707200","25027707200"
"25027707300","25027707300"
"25027707400","25027707400"
"25027707500","25027707500"
"25027708100","25027708100"
"25027709100","25027709100"
"25027709201","25027709201"
"25027709202","25027709202"
"25027709400","25027709400"
"25027709501","25027709501"
"25027709502","25027709502"
"25027709600","25027709600"
"25027709701","25027709701"
"25027709702","25027709702"
"25027710100","25027710100"
"25027710200","25027710200"
"25027710300","25027710300"
"25027710400","25027710400"
"25027710500","25027710500"
"25027710600","25027710600"
"25027710700","25027710700"
"25027710800","25027710800"
"25027711000","25027711000"
"25027711100","25027711100"
"25027712101","25027712101"
"25027712102","25027712102"
"25027713100","25027713100"
"25027715100","25027715100"
"25027716100","25027716100"
"25027716200","25027716200"
"25027716300","25027716300"
"25027717100","25027717100"
"25027718100","25027718100"
"25027719100","25027719100"
"25027720100","25027720100"
"25027721101","25027721101"
"25027721102","25027721102"
"25027722100","25027722100"
"25027723100","25027723100"
"25027724100","25027724100"
"25027725100","25027725100"
"25027726100","25027726100"
"25027726200","25027726200"
"25027727100","25027727100"
"25027728100","25027728100"
"25027728200","25027728200"
"25027728300","25027728300"
"25027728400","25027728400"
"25027729100","25027729100"
"25027729200","25027729200"
"25027730100","25027730100"
"25027730200","25027730200"
"25027730300","25027730300"
"25027730401","25027730401"
"25027730402","25027730402"
"25027730500","25027730500"
"25027730600","25027730600"
"25027730700","25027730700"
"25027730801","25027730801"
"25027730802","25027730802"
"25027730901","25027730901"
"25027730902","25027730902"
"25027731001","25027731001"
"25027731002","25027731002"
"25027731101","25027731101"
"25027731102","25027731102"
"25027731202","25027731202"
"25027731203","25027731203"
"25027731204","25027731204"
"25027731300","25027731300"
"25027731400","25027731400"
"25027731500","25027731500"
"25027731600","25027731600"
"25027731700","25027731700"
"25027731800","25027731800"
"25027731900","25027731900"
"25027732001","25027732001"
"25027732002","25027732002"
"25027732201","25027732201"
"25027732202","25027732202"
"25027732203","25027732203"
"25027732301","25027732301"
"25027732302","25027732302"
"25027732400","25027732400"
"25027732500","25027732500"
"25027732600","25027732600"
"25027732700","25027732700"
"25027732801","25027732801"
"25027732802","25027732802"
"25027732901","25027732901"
"25027732902","25027732902"
"25027733000","25027733000"
"25027733101","25027733101"
"25027733102","25027733102"
"25027735100","25027735100"
"25027735200","25027735200"
"25027736100","25027736100"
"25027736200","25027736200"
"25027736300","25027736300"
"25027736400","25027736400"
"25027736500","25027736500"
"25027737100","25027737100"
"25027737200","25027737200"
"25027737300","25027737300"
"25027738100","25027738100"
"25027738201","25027738201"
"25027738202","25027738202"
"25027739100","25027739100"
"25027739200","25027739200"
"25027739300","25027739300"
"25027739400","25027739400"
"25027739500","25027739500"
"25027740101","25027740101"
"25027740102","25027740102"
"25027740200","25027740200"
"25027741101","25027741101"
"25027741102","25027741102"
"25027742300","25027742300"
"25027742401","25027742401"
"25027742402","25027742402"
"25027743100","25027743100"
"25027744101","25027744101"
"25027744102","25027744102"
"25027744200","25027744200"
"25027744300","25027744300"
"25027744400","25027744400"
"25027745100","25027745100"
"25027746100","25027746100"
"25027747101","25027747101"
"25027747102","25027747102"
"25027748100","25027748100"
"25027749100","25027749100"
"25027749200","25027749200"
"25027750100","25027750100"
"25027750200","25027750200"
"25027750300","25027750300"
"25027751101","25027751101"
"25027751102","25027751102"
"25027752100","25027752100"
"25027753100","25027753100"
"25027753200","25027753200"
"25027754100","25027754100"
"25027754200","25027754200"
"25027754300","25027754300"
"25027754400","25027754400"
"25027755100","25027755100"
"25027755200","25027755200"
"25027756101","25027756101"
"25027756102","25027756102"
"25027757100","25027757100"
"25027757200","25027757200"
"25027757300","25027757300"
"25027757400","25027757400"
"25027757500","25027757500"
"25027758101","25027758101"
"25027758102","25027758102"
"25027759100","25027759100"
"25027760100","25027760100"
"25027761100","25027761100"
"25027761200","25027761200"
"25027761300","25027761300"
"25027761400","25027761400"
"253","ROWE"
"13","ASHFIELD"
"342","WILMINGTON"
"316","WEBSTER"
"107","GLOUCESTER"
"104","AQUINNAH"
"119","HAMILTON"
"19","AYER"
"290","SUTTON"
"151","LEICESTER"
"21","BARRE"
"276","SOUTHAMPTON"
"137","HOLYOKE"
"293","TAUNTON"
"181","METHUEN"
"155","LEXINGTON"
"116","GROVELAND"
"217","NORTHFIELD"
"301","TYNGSBOROUGH"
"93","EVERETT"
"25","BELLINGHAM"
"84","EAST BROOKFIELD"
"179","MENDON"
"152","LENOX"
"169","MARION"
"187","MILLIS"
"312","WARWICK"
"92","ESSEX"
"194","MONTGOMERY"
"334","WESTPORT"
"41","BREWSTER"
"176","MEDFORD"
"60","CHESTERFIELD"
"91","ERVING"
"215","NORTHBOROUGH"
"67","CONCORD"
"277","SOUTHBOROUGH"
"43","BRIMFIELD"
"141","HUDSON"
"95","FALL RIVER"
"195","MOUNT WASHINGTON"
"147","LANCASTER"
"235","PHILLIPSTON"
"42","BRIDGEWATER"
"166","MANCHESTER"
"294","TEMPLETON"
"201","NEW BEDFORD"
"317","WELLESLEY"
"175","MEDFIELD"
"330","WESTFORD"
"162","LUNENBURG"
"49","CAMBRIDGE"
"159","LONGMEADOW"
"121","HANCOCK"
"115","GROTON"
"126","HARWICH"
"83","EAST BRIDGEWATER"
"171","MARSHFIELD"
"64","CLINTON"
"291","SWAMPSCOTT"
"327","WEST TISBURY"
"245","RAYNHAM"
"150","LEE"
"149","LAWRENCE"
"78","DOVER"
"131","HINGHAM"
"254","ROWLEY"
"273","SOMERSET"
"197","NANTUCKET"
"262","SAUGUS"
"50","CANTON"
"266","SHARON"
"285","STOUGHTON"
"68","CONWAY"
"211","NORTH ATTLEBOROUGH"
"88","EASTON"
"190","MONROE"
"29","BERNARDSTON"
"232","PEPPERELL"
"203","NEW MARLBOROUGH"
"76","DIGHTON"
"243","QUINCY"
"31","BILLERICA"
"246","READING"
"145","KINGSTON"
"236","PITTSFIELD"
"48","BURLINGTON"
"170","MARLBOROUGH"
"208","NORFOLK"
"231","PEMBROKE"
"199","NEEDHAM"
"274","SOMERVILLE"
"133","HOLBROOK"
"177","MEDWAY"
"320","WENHAM"
"261","SANDWICH"
"258","SALEM"
"198","NATICK"
"311","WARREN"
"123","HANSON"
"1","ABINGTON"
"87","EASTHAMPTON"
"51","CARLISLE"
"10","ARLINGTON"
"223","ORANGE"
"279","SOUTHWICK"
"33","BLANDFORD"
"351","YARMOUTH"
"333","WESTON"
"214","NORTHAMPTON"
"122","HANOVER"
"134","HOLDEN"
"250","ROCHESTER"
"332","WESTMINSTER"
"58","CHESHIRE"
"3","ACUSHNET"
"18","AVON"
"153","LEOMINSTER"
"59","CHESTER"
"163","LYNN"
"256","RUSSELL"
"337","WHATELY"
"136","HOLLISTON"
"324","WEST NEWBURY"
"340","WILLIAMSBURG"
"183","MIDDLEFIELD"
"89","EDGARTOWN"
"82","DUXBURY"
"336","WEYMOUTH"
"26","BELMONT"
"168","MARBLEHEAD"
"117","HADLEY"
"114","GREENFIELD"
"73","DEDHAM"
"130","HEATH"
"216","NORTHBRIDGE"
"284","STONEHAM"
"196","NAHANT"
"259","SALISBURY"
"158","LITTLETON"
"257","RUTLAND"
"146","LAKEVILLE"
"348","WORCESTER"
"299","TOWNSEND"
"188","MILLVILLE"
"52","CARVER"
"209","NORTH ADAMS"
"238","PLAINVILLE"
"148","LANESBOROUGH"
"305","WAKEFIELD"
"343","WINCHENDON"
"185","MILFORD"
"346","WINTHROP"
"154","LEVERETT"
"283","STOCKBRIDGE"
"100","FRAMINGHAM"
"70","DALTON"
"345","WINDSOR"
"94","FAIRHAVEN"
"218","NORTON"
"178","MELROSE"
"224","ORLEANS"
"8","AMHERST"
"260","SANDISFIELD"
"186","MILLBURY"
"11","ASHBURNHAM"
"302","TYRINGHAM"
"39","BOYLSTON"
"124","HARDWICK"
"97","FITCHBURG"
"289","SUNDERLAND"
"206","NEWBURYPORT"
"144","IPSWICH"
"310","WAREHAM"
"240","PLYMPTON"
"222","OAKHAM"
"318","WELLFLEET"
"286","STOW"
"96","FALMOUTH"
"269","SHERBORN"
"23","BEDFORD"
"56","CHELMSFORD"
"315","WAYLAND"
"326","WEST STOCKBRIDGE"
"219","NORWELL"
"24","BELCHERTOWN"
"292","SWANSEA"
"164","LYNNFIELD"
"132","HINSDALE"
"85","EAST LONGMEADOW"
"167","MANSFIELD"
"138","HOPEDALE"
"275","SOUTH HADLEY"
"75","DENNIS"
"32","BLACKSTONE"
"225","OTIS"
"105","GEORGETOWN"
"264","SCITUATE"
"90","EGREMONT"
"17","AUBURN"
"14","ASHLAND"
"57","CHELSEA"
"135","HOLLAND"
"184","MIDDLETON"
"36","BOURNE"
"349","WORTHINGTON"
"103","GARDNER"
"81","DUNSTABLE"
"221","OAK BLUFFS"
"228","PAXTON"
"309","WARE"
"237","PLAINFIELD"
"111","GRANBY"
"108","GOSHEN"
"338","WHITMAN"
"69","CUMMINGTON"
"112","GRANVILLE"
"233","PERU"
"34","BOLTON"
"230","PELHAM"
"303","UPTON"
"265","SEEKONK"
"255","ROYALSTON"
"65","COHASSET"
"202","NEW BRAINTREE"
"157","LINCOLN"
"182","MIDDLEBOROUGH"
"272","SHUTESBURY"
"344","WINCHESTER"
"247","REHOBOTH"
"2","ACTON"
"44","BROCKTON"
"341","WILLIAMSTOWN"
"30","BEVERLY"
"329","WESTFIELD"
"72","DARTMOUTH"
"139","HOPKINTON"
"323","WEST BROOKFIELD"
"12","ASHBY"
"15","ATHOL"
"120","HAMPDEN"
"244","RANDOLPH"
"205","NEWBURY"
"118","HALIFAX"
"127","HATFIELD"
"296","TISBURY"
"268","SHELBURNE"
"308","WALTHAM"
"80","DUDLEY"
"99","FOXBOROUGH"
"79","DRACUT"
"140","HUBBARDSTON"
"27","BERKLEY"
"9","ANDOVER"
"98","FLORIDA"
"106","GILL"
"63","CLARKSBURG"
"288","SUDBURY"
"263","SAVOY"
"339","WILBRAHAM"
"210","NORTH ANDOVER"
"189","MILTON"
"61","CHICOPEE"
"173","MATTAPOISETT"
"229","PEABODY"
"212","NORTH BROOKFIELD"
"161","LUDLOW"
"4","ADAMS"
"287","STURBRIDGE"
"281","SPRINGFIELD"
"249","RICHMOND"
"71","DANVERS"
"40","BRAINTREE"
"322","WEST BRIDGEWATER"
"300","TRURO"
"125","HARVARD"
"280","SPENCER"
"234","PETERSHAM"
"86","EASTHAM"
"239","PLYMOUTH"
"270","SHIRLEY"
"313","WASHINGTON"
"193","MONTEREY"
"20","BARNSTABLE"
"200","NEW ASHFORD"
"172","MASHPEE"
"252","ROCKPORT"
"101","FRANKLIN"
"226","OXFORD"
"66","COLRAIN"
"271","SHREWSBURY"
"267","SHEFFIELD"
"55","CHATHAM"
"37","BOXBOROUGH"
"45","BROOKFIELD"
"109","GOSNOLD"
"242","PROVINCETOWN"
"22","BECKET"
"113","GREAT BARRINGTON"
"47","BUCKLAND"
"6","ALFORD"
"74","DEERFIELD"
"192","MONTAGUE"
"174","MAYNARD"
"331","WESTHAMPTON"
"102","FREETOWN"
"321","WEST BOYLSTON"
"306","WALES"
"297","TOLLAND"
"251","ROCKLAND"
"7","AMESBURY"
"28","BERLIN"
"347","WOBURN"
"295","TEWKSBURY"
"213","NORTH READING"
"319","WENDELL"
"314","WATERTOWN"
"278","SOUTHBRIDGE"
"54","CHARLTON"
"62","CHILMARK"
"298","TOPSFIELD"
"248","REVERE"
"142","HULL"
"156","LEYDEN"
"128","HAVERHILL"
"180","MERRIMAC"
"38","BOXFORD"
"204","NEW SALEM"
"165","MALDEN"
"350","WRENTHAM"
"16","ATTLEBORO"
"160","LOWELL"
"143","HUNTINGTON"
"282","STERLING"
"241","PRINCETON"
"307","WALPOLE"
"220","NORWOOD"
"335","WESTWOOD"
"207","NEWTON"
"35","BOSTON"
"46","BROOKLINE"
"191","MONSON"
"227","PALMER"
"53","CHARLEMONT"
"129","HAWLEY"
"77","DOUGLAS"
"304","UXBRIDGE"
"328","WESTBOROUGH"
"110","GRAFTON"
"325","WEST SPRINGFIELD"
"5","AGAWAM"